City,State,Mileage_miles,avg_retail_price_jun2025,forecast_retail_price_jun2026,planned_wholesale_price,Revenue,Base_Shipping_Cost,Shipping_Cost,Acquisition_Cost,Total_Cost,Profit,Profit_Margin,Contribution_per_Unit,Contribution_Margin_Ratio,Break_Even_Units,Margin_of_Safety_Units,Margin_of_Safety_Pct,Break_Even_Retail_Price
Seattle,WA,1029,2.66,2.66,1.064,21280.0,2014.5,2014.5,4000.0,6014.5,15265.5,0.7173637218045112,0.8640000000000001,0.81203007518797,2331.597222222222,17668.402777777777,0.8834201388888888,0.7518125
Boise,ID,827,2.5940000000000003,2.5940000000000003,1.0376,20752.0,1913.5,1913.5,4000.0,5913.5,14838.5,0.7150395142636854,0.8376000000000001,0.8072474942174249,2284.5033428844313,17715.496657115567,0.8857748328557784,0.7391875
Portland,OR,855,2.542,2.542,1.0168,20336.0,1927.5,1927.5,4000.0,5927.5,14408.5,0.708521833202203,0.8168,0.8033044846577498,2359.818805093046,17640.181194906952,0.8820090597453476,0.7409374999999999
Spokane,WA,1097,2.38,2.38,0.952,19040.0,2048.5,2048.5,4000.0,6048.5,12991.5,0.6823266806722689,0.752,0.7899159663865547,2724.06914893617,17275.93085106383,0.8637965425531915,0.7560625
San Diego,CA,253,2.094,2.094,0.8376,16752.0,1626.5,1626.5,4000.0,5626.5,11125.5,0.6641296561604585,0.6376,0.761222540592168,2550.972396486826,17449.027603513176,0.8724513801756588,0.7033124999999999
San Francisco,CA,283,1.97,1.97,0.788,15760.0,1641.5,1641.5,4000.0,5641.5,10118.5,0.6420368020304569,0.5880000000000001,0.7461928934010152,2791.6666666666665,17208.333333333332,0.8604166666666666,0.7051875
Sacramento,CA,277,1.902,1.902,0.7608,15216.0,1638.5,1638.5,4000.0,5638.5,9577.5,0.629436119873817,0.5608,0.7371188222923238,2921.7189728958633,17078.281027104138,0.8539140513552069,0.7048125
Los Angeles,CA,111,1.8699999999999999,1.8699999999999999,0.748,14960.0,1555.5,1555.5,4000.0,5555.5,9404.5,0.6286430481283423,0.548,0.732620320855615,2838.5036496350363,17161.496350364963,0.8580748175182482,0.6944374999999999
CincinnatiDayton,OH,2190,1.922,1.922,0.7688,15376.0,2595.0,2595.0,4000.0,6595.0,8781.0,0.5710848074921956,0.5688,0.7398543184183142,4562.236286919831,15437.763713080169,0.7718881856540084,0.824375
Las Vegas,NV,286,1.732,1.732,0.6928000000000001,13856.000000000002,1643.0,1643.0,4000.0,5643.0,8213.000000000002,0.5927396073903003,0.49280000000000007,0.7113163972286375,3334.00974025974,16665.99025974026,0.8332995129870131,0.705375
Atlanta,GA,2199,1.8219999999999998,1.8219999999999998,0.7288,14576.0,2599.5,2599.5,4000.0,6599.5,7976.5,0.5472351811196488,0.5287999999999999,0.7255762897914378,4915.847201210288,15084.152798789712,0.7542076399394856,0.8249375
Denver,CO,1032,1.7420000000000002,1.7420000000000002,0.6968000000000001,13936.000000000002,2016.0,2016.0,4000.0,6016.0,7920.000000000002,0.5683122847301952,0.4968000000000001,0.7129735935706085,4057.971014492753,15942.028985507248,0.7971014492753624,0.752
Jacksonville,FL,2440,1.738,1.738,0.6952,13904.0,2720.0,2720.0,4000.0,6720.0,7184.0,0.5166858457997698,0.49520000000000003,0.7123130034522439,5492.730210016155,14507.269789983846,0.7253634894991923,0.84
Columbus,OH,2261,1.7259999999999998,1.7259999999999998,0.6903999999999999,13807.999999999998,2630.5,2630.5,4000.0,6630.5,7177.499999999998,0.5198073580533024,0.4903999999999999,0.7103128621089223,5363.988580750409,14636.011419249591,0.7318005709624795,0.8288125
Boston,MA,2998,1.77,1.77,0.7080000000000001,14160.000000000002,2999.0,2999.0,4000.0,6999.0,7161.000000000002,0.5057203389830509,0.508,0.7175141242937852,5903.543307086614,14096.456692913387,0.7048228346456693,0.874875
PhoenixTucson,AZ,482,1.61,1.61,0.6440000000000001,12880.000000000002,1741.0,1741.0,4000.0,5741.0,7139.000000000002,0.5542701863354038,0.4440000000000001,0.68944099378882,3921.17117117117,16078.82882882883,0.8039414414414415,0.7176250000000001
Louisville,KY,2101,1.7079999999999997,1.7079999999999997,0.6831999999999999,13663.999999999998,2550.5,2550.5,4000.0,6550.5,7113.499999999998,0.5206015807962528,0.4831999999999999,0.7072599531615924,5278.352649006623,14721.647350993377,0.7360823675496688,0.8188124999999999
Orlando,FL,2617,1.698,1.698,0.6792,13584.0,2808.5,2808.5,4000.0,6808.5,6775.5,0.49878533568904593,0.4792,0.7055359246171967,5860.809682804675,14139.190317195325,0.7069595158597662,0.8510624999999999
Indianapolis,IN,2083,1.6620000000000001,1.6620000000000001,0.6648000000000001,13296.000000000002,2541.5,2541.5,4000.0,6541.5,6754.500000000002,0.508009927797834,0.46480000000000005,0.6991576413959085,5467.943201376936,14532.056798623064,0.7266028399311532,0.8176875
Detroit,MI,2296,1.666,1.666,0.6664,13328.0,2648.0,2648.0,4000.0,6648.0,6680.0,0.5012004801920769,0.4664,0.6998799519807923,5677.530017152659,14322.469982847342,0.7161234991423671,0.8310000000000001
Nashville,TN,2022,1.642,1.642,0.6568,13136.000000000002,2511.0,2511.0,4000.0,6511.0,6625.000000000002,0.5043392204628503,0.45680000000000004,0.6954933008526187,5496.93520140105,14503.064798598949,0.7251532399299474,0.813875
Philadelphia,PA,2759,1.654,1.654,0.6616,13232.0,2879.5,2879.5,4000.0,6879.5,6352.5,0.4800861547762999,0.46159999999999995,0.6977025392986699,6238.084922010399,13761.9150779896,0.6880957538994801,0.8599375
New York,NY,2794,1.656,1.656,0.6624,13248.0,2897.0,2897.0,4000.0,6897.0,6351.0,0.479393115942029,0.4624,0.6980676328502415,6265.138408304499,13734.861591695502,0.6867430795847751,0.8621249999999999
DallasFtWorth,TX,1449,1.544,1.544,0.6176,12352.0,2224.5,2224.5,4000.0,6224.5,6127.5,0.4960735103626943,0.4176,0.6761658031088082,5326.8678160919535,14673.132183908046,0.7336566091954023,0.7780625
HarrisburgScranton,PA,2717,1.616,1.616,0.6464000000000001,12928.000000000002,2858.5,2858.5,4000.0,6858.5,6069.500000000002,0.469484839108911,0.4464000000000001,0.6905940594059407,6403.449820788529,13596.55017921147,0.6798275089605735,0.8573125
Chicago,IL,2030,1.568,1.568,0.6272000000000001,12544.000000000002,2515.0,2515.0,4000.0,6515.0,6029.000000000002,0.4806281887755103,0.4272000000000001,0.6811224489795918,5887.1722846441935,14112.827715355807,0.7056413857677903,0.814375
Houston,TX,1656,1.536,1.536,0.6144000000000001,12288.000000000002,2328.0,2328.0,4000.0,6328.0,5960.000000000002,0.48502604166666674,0.41440000000000005,0.6744791666666666,5617.760617760617,14382.239382239382,0.7191119691119692,0.791
Tampa,FL,2636,1.566,1.566,0.6264000000000001,12528.000000000002,2818.0,2818.0,4000.0,6818.0,5710.000000000002,0.455779054916986,0.42640000000000006,0.6807151979565773,6608.818011257034,13391.181988742966,0.6695590994371483,0.85225
Albany,NY,2832,1.558,1.558,0.6232000000000001,12464.000000000002,2916.0,2916.0,4000.0,6916.0,5548.000000000002,0.44512195121951226,0.4232000000000001,0.6790757381258024,6890.359168241965,13109.640831758035,0.6554820415879018,0.8644999999999999
Charlotte,NC,2428,1.524,1.524,0.6096,12192.0,2714.0,2714.0,4000.0,6714.0,5478.0,0.4493110236220472,0.4096,0.6719160104986877,6625.9765625,13374.0234375,0.668701171875,0.8392499999999999
Grand Rapids,MI,2193,1.508,1.508,0.6032000000000001,12064.000000000002,2596.5,2596.5,4000.0,6596.5,5467.500000000002,0.4532078912466844,0.40320000000000006,0.6684350132625995,6439.732142857142,13560.267857142859,0.6780133928571429,0.8245625000000001
Pittsburgh,PA,2445,1.516,1.516,0.6064,12128.000000000002,2722.5,2722.5,4000.0,6722.5,5405.500000000002,0.4457041556728233,0.40640000000000004,0.6701846965699209,6699.06496062992,13300.93503937008,0.665046751968504,0.8403125
Syracuse,NY,2693,1.516,1.516,0.6064,12128.000000000002,2846.5,2846.5,4000.0,6846.5,5281.500000000002,0.43547988126649084,0.40640000000000004,0.6701846965699209,7004.183070866141,12995.81692913386,0.649790846456693,0.8558125
New Orleans,LA,1954,1.4620000000000002,1.4620000000000002,0.5848000000000001,11696.000000000002,2477.0,2477.0,4000.0,6477.0,5219.000000000002,0.4462209302325582,0.3848000000000001,0.6580027359781122,6437.1101871101855,13562.889812889814,0.6781444906444907,0.809625
RaleighGreensboro,NC,2557,1.498,1.498,0.5992000000000001,11984.000000000002,2778.5,2778.5,4000.0,6778.5,5205.500000000002,0.43437082777036057,0.39920000000000005,0.6662216288384513,6960.170340681362,13039.829659318639,0.6519914829659319,0.8473125
RichmondNorfolk,VA,2632,1.47,1.47,0.588,11760.0,2816.0,2816.0,4000.0,6816.0,4944.0,0.4204081632653061,0.38799999999999996,0.6598639455782312,7257.731958762887,12742.268041237112,0.6371134020618556,0.852
BaltimoreWashington,MD,2679,1.472,1.472,0.5888,11776.0,2839.5,2839.5,4000.0,6839.5,4936.5,0.4192000679347826,0.3888,0.6603260869565217,7303.240740740741,12696.75925925926,0.6348379629629629,0.8549375
BuffaloRochester,NY,2552,1.462,1.462,0.5848,11696.0,2776.0,2776.0,4000.0,6776.0,4920.0,0.420656634746922,0.3848,0.6580027359781121,7214.137214137215,12785.862785862784,0.6392931392931392,0.847
St. Louis,MO,1841,1.41,1.41,0.564,11279.999999999998,2420.5,2420.5,4000.0,6420.5,4859.499999999998,0.4308067375886524,0.36399999999999993,0.6453900709219857,6649.725274725276,13350.274725274725,0.6675137362637362,0.8025625
HartfordSpringfield,CT,2906,1.412,1.412,0.5648,11296.0,2953.0,2953.0,4000.0,6953.0,4343.0,0.3844723796033994,0.36479999999999996,0.6458923512747875,8094.8464912280715,11905.153508771928,0.5952576754385964,0.869125
